序号,名称,学校类别,电话,地址,高校
35,北京经济技术职业学院,14普通高等学校：专科院校：高等职业学校,61598651,河北省东燕郊开发区高楼镇,高校
37,北京北大方正软件职业技术学院,14普通高等学校：专科院校：高等职业学校,51108888-2051,河北省廊坊市经济技术开发区东方大学城,高校
119,北京国际标准舞研修学院,51民办的其他高等教育机构,69453012,北京市顺义区后沙峪裕民大街甲4号,高校
193,北京财经专修学院,51民办的其他高等教育机构,68687823,北京市大兴区通黄路1283信箱北京财经专修学院,高校
242,北京东方研修学院,51民办的其他高等教育机构,87723098,北京市怀柔区渤海镇马道裕村1栋1号,高校
246,蒙代尔国际企业家大学,51民办的其他高等教育机构,58369127,北京市海淀区杏石口路99号,高校
297,北京农工商联合总公司职工大学,41成人高等学校：职工高校,67992904,北京市丰台区永外南郊和义,高校
121,华北电业联合职工大学,41成人高等学校：职工高校,88712211,北京市丰台区,高校
1,北京社会函授大学,51民办的其他高等教育机构,66571148,北京市西城区厂桥定阜街3号北门,高校
2,北京兴华大学,51民办的其他高等教育机构,67850768,北京市大兴区亦庄经济技术开发区凉水河一街20号,高校
3,中国管理软件学院,51民办的其他高等教育机构,82823833,北京市海淀区西北旺土井路39号,高校
4,北京北大资源研修学院,51民办的其他高等教育机构,88857392,北京市海淀区上庄镇上庄路117号,高校
6,北京东方大学,51民办的其他高等教育机构,51091586,北京市朝阳区十八里店2000号,高校
7,中央民族大学,11普通高等学校：本科院校：大学,68933983,北京市海淀区中关村南大街27号,高校
8,北京工商大学嘉华学院,22普通高等学校：其他机构：独立学院,69599538,北京市通州区宋庄镇南路甲1号,高校
9,中国青年政治学院,12普通高等学校：本科院校：学院,88567090,北京市海淀区西三环北路25号,高校
10,外交学院,12普通高等学校：本科院校：学院,68323321,北京市西城区展览馆路24号,高校
11,中央音乐学院,12学院,66425598,北京市西城区鲍家街43号,高校
12,中央戏剧学院,12普通高等学校：本科院校：学院,64014899,北京市东城区东棉花胡同39号,高校
14,首都师范大学,11普通高等学校：本科院校：大学,68901964,北京市海淀区西三环北路105号,高校
15,中国劳动关系学院,12普通高等学校：本科院校：学院,88561833,北京市海淀区增光路45号,高校
16,北京工商大学,11普通高等学校：本科院校：大学,81353202,北京市海淀区阜成路33号,高校
18,北京建筑工程学院,12普通高等学校：本科院校：学院,68322234,北京市西城区展览馆路1号,高校
19,中央美术学院,12普通高等学校：本科院校：学院,64771000,北京市朝阳区花家地南街8号,高校
20,北京京北职业技术学院,14普通高等学校：专科院校：高等职业学校,89681399,北京市怀柔区小中富乐一区188号,高校
21,北京信息职业技术学院,14普通高等学校：专科院校：高等职业学校,64312725,北京市朝阳区芳园西路5号,高校
24,北京经济管理职业学院,14普通高等学校：专科院校：高等职业学校,64709870,北京市朝阳区花家地街19号,高校
27,北京协和医学院,12普通高等学校：本科院校：学院,65105915,北京市东城区东单三条9号,高校
28,首都经济贸易大学,11普通高等学校：本科院校：大学,83952021,北京市丰台区张家路口121号,高校
30,北京财贸职业学院,14普通高等学校：专科院校：高等职业学校,89532100,北京市东城区礼士胡同41号,高校
31,北京工业大学耿丹学院,22普通高等学校：其他机构：独立学院,60411788,北京市顺义区牛栏山镇牛富路牛山段3号,高校
34,首都经济贸易大学密云分校,21普通高等学校：其他机构：分校、大专班,89095041,北京市密云县西大桥路7号,高校
38,中国社会科学院研究生院,10培养研究生的科研机构,64753231-2145,北京市朝阳区望京中环南路1号,高校
39,中国建筑设计研究院,10培养研究生的科研机构,68302032,北京市西城区车公庄大街19号,高校
41,北京机电研究所,10培养研究生的科研机构,82415005,北京市海淀区学清路18号,高校
46,中国航空规划建设发展有限公司,10培养研究生的科研机构,62038252,北京市西城区德外大街12号,高校
49,北京化工研究院,10培养研究生的科研机构,64228662,北京市朝阳区北三环东路14号,高校
50,中国食品发酵工业研究院,10培养研究生的科研机构,64666558,北京市朝阳区霄云路32号,高校
51,中国建筑材料科学研究总院,10培养研究生的科研机构,65745835,北京市朝阳区管庄东里1号,高校
52,中国地震局地壳应力研究所,10培养研究生的科研机构,62846716,北京市海淀区西三旗安宁庄路1号,高校
53,中国计量科学研究院,10培养研究生的科研机构,64213523,北京市朝阳区北三环东路18号,高校
55,煤炭科学研究总院,10培养研究生的科研机构,84262306,北京市朝阳区和平里青年沟路5号,高校
56,中国地震局地质研究所,10培养研究生的科研机构,62009079,北京市朝阳区祁家豁子,高校
57,中国药品生物制品检定所,10培养研究生的科研机构,67095371,北京市东城区天坛西里2号,高校
58,北京机械工业自动化研究所,10培养研究生的科研机构,82285642,北京市西城区德胜门外教场口1号,高校
59,北京有色金属研究总院,10培养研究生的科研机构,82241899,北京市西城区新街口外大街2号,高校
62,中国城市规划设计研究院,10培养研究生的科研机构,58322095,北京市海淀区车公庄西路5号,高校
63,华北光电技术研究所,10培养研究生的科研机构,64361875,北京市朝阳区酒仙桥路4号,高校
64,中国制浆造纸研究院,10培养研究生的科研机构,65877001,北京市朝阳区光华路12号,高校
65,中国中医科学院,10培养研究生的科研机构,64014411-3390,北京市东城区东直门内南小街16号中国中医科学院,高校
66,北京生物制品研究所,10培养研究生的科研机构,65762911-2216,北京市朝阳区三间房南里4号,高校
68,中国艺术研究院,10培养研究生的科研机构,64981219,北京市朝阳区惠新北里甲1号,高校
74,中共中央党校,10培养研究生的科研机构,62806559,北京市海淀区大有庄100号,高校
75,中国科学技术信息研究所,10培养研究生的科研机构,58882051,北京市海淀区复兴路15号,高校
76,财政部财政科学研究所,10培养研究生的科研机构,88190434,北京市海淀区阜成路甲28号,高校
77,人行研究生部,10培养研究生的科研机构,62559631,北京市海淀区五道口成府路43号,高校
78,中国农业科学院研究生院,10培养研究生的科研机构,82109680,北京市海淀区中关村南大街12号,高校
80,中国水利水电科学研究院,10培养研究生的科研机构,68786582,北京市海淀区车公庄西路20号,高校
81,中国地质科学院,10培养研究生的科研机构,68999643,北京市西城区百万庄大街26号,高校
82,钢铁研究总院,10培养研究生的科研机构,62182806,北京市海淀区学院南路76号,高校
83,中冶建筑研究总院有限公司,10培养研究生的科研机构,82228042,北京市海淀区西土城路33号,高校
84,机械科学研究总院,10培养研究生的科研机构,88301018,北京市海淀区首体南路2号,高校
85,中国农业机械化科学研究院,10培养研究生的科研机构,64882243,北京市朝阳区德胜门外北沙滩1号,高校
86,中国工程物理研究院研究生部,10培养研究生的科研机构,62011845,北京市海淀区花园路6号,高校
87,华北计算机系统工程研究所,10培养研究生的科研机构,82306057,北京市海淀区清华东路25号,高校
88,华北计算技术研究所,10培养研究生的科研机构,51615509,北京市海淀区北四环中路211号,高校
89,中国石油勘探开发研究院,10培养研究生的科研机构,83597435,北京市海淀区学院路20号,高校
90,北京橡胶工业研究设计院,10培养研究生的科研机构,51338036,北京市海淀区阜石路甲19号,高校
91,中国铁道科学研究院,10培养研究生的科研机构,51849751,北京市海淀区西直门外大柳树路2号,高校
92,电信科学技术研究院,10培养研究生的科研机构,62301615,北京市海淀区学院路40号,高校
93,中国气象科学研究院,10培养研究生的科研机构,68407286,北京市海淀区中关村南大街46号,高校
94,国家海洋环境预报研究中心,10培养研究生的科研机构,62105722,北京市海淀区大慧寺路8号,高校
95,中国地震局地球物理研究所,10培养研究生的科研机构,68415364,北京市海淀区民族大学南路5号,高校
96,中国地震局地震预测研究所,10培养研究生的科研机构,88015665,北京市海淀区复兴路63号,高校
98,石油化工科学研究院,10培养研究生的科研机构,82368155,北京市海淀区学院路18号,高校
99,北京市东城区职工业余大学,41成人高等学校：职工高校,65522778-211,北京市东城区朝阳门外潘家坡1号,高校
100,北京医药集团职工大学,41成人高等学校：职工高校,58167811,北京市丰台区宋家庄苇子坑148号,高校
102,中国现代教育研修中心,51民办的其他高等教育机构,68987352,北京市朝阳区华严北里甲1号健翔山庄A8四层,高校
103,北京职业资格专修学院,51民办的其他高等教育机构,68987352,北京市朝阳区华严北里甲1号健翔山庄A8,高校
104,北京彼得·德鲁克管理研修学院,51民办的其他高等教育机构,65101020,北京市东城区建国门内大街7号2座20层,高校
105,北京经济管理函授学院,51民办的其他高等教育机构,59361879,北京市西城区法源寺西里5号楼甲2号,高校
106,中国逻辑与语言函授大学,51民办的其他高等教育机构,62130051,北京市海淀区北三环西路43号青云当代大厦,高校
108,北京军地专修学院,51民办的其他高等教育机构,64789362,北京市朝阳区望京西园221号博泰大厦11层,高校
110,中国农民大学,51民办的其他高等教育机构,62118860,北京市海淀区中关村南大街12号,高校
113,北京摄影函授学院,51民办的其他高等教育机构,65136128,北京市东城区东单红星胡同61号,高校
114,中日友好临床医学研究所,10培养研究生的科研机构,64203096,北京市朝阳区和平街樱花路2号,高校
115,北京京海研修学院,51民办的其他高等教育机构,82137887,北京市海淀区知春东里12号,高校
116,北京市海淀区职工大学,41成人高等学校：职工高校,62347026,北京市海淀区北四环中路271号,高校
117,北京现代音乐研修学院,51民办的其他高等教育机构,81571111,北京市通州区云景南大街68号,高校
118,北京中新企业管理学院,51民办的其他高等教育机构,88912960,北京市石景山区杨庄路西口,高校
123,北京市建设职工大学,41成人高等学校：职工高校,85982068,北京市朝阳区水碓子东路15号,高校
127,北京市东城区职工大学,41成人高等学校：职工高校,67148675,北京市东城区板厂南里5号,高校
128,北京市总工会职工大学,41成人高等学校：职工高校,83517504,北京市西城区陶然亭路53号,高校
130,民航管理干部学院,43成人高等学校：管理干部学院,64720632,北京市朝阳区花家地东路3号,高校
133,北京工商管理专修学院,51民办的其他高等教育机构,89793124,北京市昌平区南口镇南大街21号,高校
134,卫生部北京老年医学研究所,10培养研究生的科研机构,58115033,北京市东城区东单大华路1号,高校
135,北京戏曲艺术职业学院,14普通高等学校：专科院校：高等职业学校,67571886,北京市丰台区马家堡东里8号,高校
136,国家法官学院,41成人高等学校：职工高校,67559017,北京市通州区天成桥甲1号,高校
139,东方文化艺术学院,51民办的其他高等教育机构,65065842,北京市朝阳区甜水园1号,高校
141,北京东方妇女老年大学,51民办的其他高等教育机构,85162610,北京市西城区刘海胡同11号,高校
142,中国戏曲学院,12普通高等学校：本科院校：学院,63353774,北京市丰台区万泉寺400号,高校
143,北京体育职业学院,14普通高等学校：专科院校：高等职业学校,87280847,北京市丰台区光彩北路4号,高校
144,北京化工大学,11普通高等学校：本科院校：大学,64434820,北京市朝阳区北三环东路15号,高校
145,北京中医药大学,11普通高等学校：本科院校：大学,64286426,北京市朝阳区北三环东路11号,高校
146,北京电子科技职业学院,14普通高等学校：专科院校：高等职业学校,84612856,北京市朝阳区太阳宫芍药居甲1号,高校
147,中华女子学院,12普通高等学校：本科院校：学院,84659300,北京市朝阳区育惠东路1号,高校
149,对外经济贸易大学,11普通高等学校：本科院校：大学,64492107,北京市朝阳区惠新东街10号,高校
150,北京服装学院,12普通高等学校：本科院校：学院,64288317,北京市朝阳区樱花东街甲2号,高校
151,北京广播电视大学,46成人高等学校：广播电视大学,82192000,北京市海淀区皂君庙甲4号,高校
152,中科院数学与系统科学研究院,10培养研究生的科研机构,62541832,北京市海淀区中关村东路55号,高校
153,中国科学院力学研究所,10培养研究生的科研机构,82543863,北京市海淀区北四环西路15号,高校
154,中国科学院物理研究所,10培养研究生的科研机构,82649129,北京市海淀区中关村南三街8号,高校
155,中国科学院高能物理研究所,10培养研究生的科研机构,88235646,北京市石景山区玉泉路19号（乙院）,高校
156,中国科学院声学研究所,10培养研究生的科研机构,62572976,北京市海淀区北四环西路21号,高校
157,中国科学院理论物理研究所,10培养研究生的科研机构,62555377,北京市海淀区中关村东路55号,高校
158,中国科学院国家天文台,10培养研究生的科研机构,64877291,北京市朝阳区大屯路甲20号,高校
159,中国科学院自然科学史研究所,10培养研究生的科研机构,57552514,北京市海淀区中关村东路55号,高校
160,中国科学院理化技术研究所,10培养研究生的科研机构,82543622,北京市海淀区中关村北一条2号,高校
161,中科院化学研究所,10培养研究生的科研机构,62544602,北京市海淀区中关村北一街2号,高校
162,中科院过程工程所,10培养研究生的科研机构,62558394,北京市海淀区中关村北二条1号,高校
163,中国科学院生态环境研究中心,10培养研究生的科研机构,62849161,北京市海淀区双清路18号,高校
164,中科院古脊椎所,10培养研究生的科研机构,68351362,北京市西城区西直门外大街142号,高校
165,中国科学院大气物理研究所,10培养研究生的科研机构,82995021,北京市朝阳区华严里40号楼,高校
166,中国科学院地理科学与资源研究所,10培养研究生的科研机构,64888935,北京市朝阳区大屯路甲11号,高校
168,空间科学与应用研究中心,10培养研究生的科研机构,62582784,北京市海淀区中关村南二条1号,高校
169,中国科学院对地观测与数字地球科学中心,10培养研究生的科研机构,58887305,北京市海淀区中关村北一条9号,高校
170,中科院地质与地球物理研究所,10培养研究生的科研机构,82998221,北京市朝阳区北土城西路19号,高校
172,中科院植物研究所,10培养研究生的科研机构,62836601,北京市海淀区香山南辛村20号,高校
173,中国科学院生物物理研究所,10培养研究生的科研机构,64889875,北京市朝阳区大屯路15号,高校
177,中国科学院计算技术研究所,10培养研究生的科研机构,62600432,北京市海淀区中关村科学院南路6号,高校
178,中科院工程热物理研究所,10培养研究生的科研机构,62555952,北京市海淀区北四环西路11号,高校
179,中国科学院半导体研究所,10培养研究生的科研机构,82304321,北京市海淀区清华东路甲35号,高校
180,中科院电子学所,10培养研究生的科研机构,58887026,北京市海淀区北四环西路19号,高校
181,中国科学院自动化研究所,10培养研究生的科研机构,62553991,北京市海淀区中关村东路95号,高校
182,中科院电工研究所,10培养研究生的科研机构,82547015,北京市海淀区中关村北二条6号,高校
183,中科院软件研究所,10培养研究生的科研机构,62561196,北京市海淀区中关村南四街4号,高校
184,中科院文献情报中心,10培养研究生的科研机构,82626389,北京市海淀区中关村北四环西路33号,高校
185,中科院微电子研究所,10培养研究生的科研机构,82995719,北京市朝阳区北土城西路3号,高校
186,中国科学院计算机网络信息中心,10培养研究生的科研机构,58812280,北京市海淀区中关村南四街四号北京349信箱,高校
187,科技政策与管理科学研究所,10培养研究生的科研机构,82640750,北京市海淀区中关村东路55号,高校
188,中国科学院北京基因组研究所,10培养研究生的科研机构,82995374,北京市朝阳区北土城西路7号G座,高校
189,中国科学院研究生院,10培养研究生的科研机构,88256126,北京市石景山区玉泉路19号甲,高校
190,中国科学院青藏高原研究所,10培养研究生的科研机构,62849396,北京市海淀区双清路18号,高校
191,中国科学院光电研究院,10培养研究生的科研机构,62629531,北京市海淀区中关村东路95号,高校
192,国家纳米科学中心,10培养研究生的科研机构,82545546,北京市海淀区中关村北一条11号,高校
194,中国电力科学研究院,10培养研究生的科研机构,82812502,北京市海淀区清河小营东路15号,高校
195,中国北方车辆研究所,10培养研究生的科研机构,83808555,北京市丰台区槐树岭4号,高校
197,北京人文大学,51民办的其他高等教育机构,61160081,北京市顺义区空港开发区裕东路3号,高校
201,交通运输部公路科学研究所,10培养研究生的科研机构,62014137,北京市海淀区西土城路8号,高校
202,北京计算机专修学院,51民办的其他高等教育机构,61225641,北京市大兴区狼垡亿发工业园66号,高校
206,北京信息科技大学,11普通高等学校：本科院校：大学,82426814,北京市海淀区清河小营东路12号,高校
212,北京汇佳职业学院,14普通高等学校：专科院校：高等职业学校,51631166,北京市昌平区中关村科技园昌平园创新路20号,高校
213,清华大学,11普通高等学校：本科院校：大学,62782015,北京市海淀区清华园,高校
214,北京航空航天大学,11普通高等学校：本科院校：大学,82317580,北京市海淀区学院路37号,高校
215,北京科技大学,11普通高等学校：本科院校：大学,62332312,北京市海淀区学院路30号,高校
216,北京林业大学,11普通高等学校：本科院校：大学,62338279,北京市海淀区清华东路35号,高校
217,北京语言大学,11普通高等学校：本科院校：大学,82303033,北京市海淀区学院路15号,高校
218,北京电影学院,12普通高等学校：本科院校：学院,82049512,北京市海淀区西土城路4号,高校
220,中国矿业大学（北京）,11普通高等学校：本科院校：大学,62331203,北京市海淀区学院路丁11号,高校
221,中国地质大学（北京）,11普通高等学校：本科院校：大学,82322005,北京市海淀区学院路29号,高校
222,北京城市学院,12普通高等学校：本科院校：学院,62324350,北京市海淀区北四环中路269号,高校
224,北京印刷学院,12普通高等学校：本科院校：学院,60261013,北京市大兴区兴华北路25号,高校
225,北京石油化工学院,12普通高等学校：本科院校：学院,81292049,北京市大兴区黄村镇清源北路19号,高校
229,北京社会管理职业学院,14普通高等学校：专科院校：高等职业学校,61595435,北京市朝阳区白家庄甲6号,高校
231,北京国际青年研修学院,51民办的其他高等教育机构,64664803,北京市朝阳区亮马桥路40号,高校
232,北京华大研修学院,51民办的其他高等教育机构,84841814,北京市海淀区学清路14号,高校
233,北京文理研修学院,51民办的其他高等教育机构,82331969,北京市海淀区学院路37号院学知楼,高校
234,北京国际汉语学院,51民办的其他高等教育机构,88126899,北京市朝阳区安慧北里逸园1号,高校
236,北方工业大学,11普通高等学校：本科院校：大学,88803055,北京市石景山区晋元庄路5号,高校
237,北京电子科技学院,12普通高等学校：本科院校：学院,63740588,北京市丰台区富丰路7号,高校
238,北京工业职业技术学院,14普通高等学校：专科院校：高等职业学校,51511004,北京市石景山区石门路368号,高校
239,公安部管理干部学院,43成人高等学校：管理干部学院,83903019,北京市西城区木樨地南里1号,高校
240,首钢工学院,12普通高等学校：本科院校：学院,59805996,北京市石景山区阜石路155号,高校
241,中国人民公安大学,11普通高等学校：本科院校：大学,83903019,北京市西城区木樨地南里1号,高校
243,北京外企研修学院,51民办的其他高等教育机构,87723098,北京市朝阳区西大望路15号1502室,高校
245,中关村创新研修学院,51民办的其他高等教育机构,68915151,北京市海淀区中关村南大街3号海淀科技大厦0324,高校
248,北京工业大学,11普通高等学校：本科院校：大学,67392905,北京市朝阳区平乐园100号,高校
249,北京警察学院,12普通高等学校：本科院校：学院,89768000,北京市昌平区南口镇南涧路11号,高校
250,中国防卫科技学院,21普通高等学校：其他机构：分校、大专班,61598861,北京市朝阳区北苑路180号,高校
251,北京联合大学,11普通高等学校：本科院校：大学,64900048,北京市朝阳区北四环东路97号,高校
252,中国农业大学,11普通高等学校：本科院校：大学,62736673,北京市海淀区清华东路17号,高校
253,国际关系学院,12普通高等学校：本科院校：学院,62861317,北京市海淀区坡上村12号,高校
254,中国石油大学,11普通高等学校：本科院校：大学,89733256,北京市昌平区府学路18号,高校
256,北京培黎职业学院,14普通高等学校：专科院校：高等职业学校,82417301,北京市海淀区双清路1号,高校
257,北京新圆明职业学院,14普通高等学校：专科院校：高等职业学校,62406060,北京市海淀区聂各庄东路10号,高校
258,北京大学,11普通高等学校：本科院校：大学,62751201,北京市海淀区颐和园路5号,高校
259,首都医科大学,11普通高等学校：本科院校：大学,63291983,北京市丰台区右安门外西头条10号,高校
262,轻工业环境保护研究所,10培养研究生的科研机构,68429771,北京市海淀区西三环北路27号,高校
263,北京市劳动保护科学研究所,10培养研究生的科研机构,83534899,北京市西城区陶然亭路55号,高校
264,首都儿科研究所,10培养研究生的科研机构,85628194,北京市朝阳区雅宝路2号,高校
265,北京市环境保护科学研究院,10培养研究生的科研机构,68314675,北京市西城区北营房中街59号,高校
266,北京市结核病胸部肿瘤研究所,10培养研究生的科研机构,89509298,北京市通州区北马厂97号,高校
268,市政工程研究所,10培养研究生的科研机构,68334262,北京市西城区百万庄大街3号,高校
269,北京师范大学,11普通高等学校：本科院校：大学,58805502,北京市海淀区新街口外大街19号,高校
270,中央财经大学,11普通高等学校：本科院校：大学,62288261,北京市海淀区学院南路39号,高校
271,北京科技经营管理学院,14普通高等学校：专科院校：高等职业学校,51731618,北京市海淀区三义庙2号院,高校
272,北京外国语大学,11普通高等学校：本科院校：大学,88816899,北京市海淀区西三环北路2号、19号,高校
273,北京交通大学,11普通高等学校：本科院校：大学,51688031,北京市西城区西直门外上园村3号,高校
274,北京理工大学,11普通高等学校：本科院校：大学,68913278,北京市海淀区中关村南大街5号,高校
275,北京邮电大学世纪学院,22普通高等学校：其他机构：独立学院,61227258,北京市大兴区黄村镇狼垡村,高校
276,首都体育学院,12普通高等学校：本科院校：学院,82099007,北京市海淀区北三环西路11号,高校
277,中国人民大学,11普通高等学校：本科院校：大学,82509358,北京市海淀区中关村大街59号,高校
278,北京邮电大学,11普通高等学校：本科院校：大学,62282044,北京市海淀区西土城路10号,高校
281,北京汉语国际推广中心,51民办的其他高等教育机构,68470020,北京市海淀区西三环北路甲105号科原大厦B座12层,高校
283,北京世贤研修学院,51民办的其他高等教育机构,62316246,北京市海淀区二里庄小区24号,高校
284,北京戴尔外语研修学院,51民办的其他高等教育机构,51921915,北京市海淀区中关村南大街2号数码大厦A座5层,高校
285,中央广播电视大学,46成人高等学校：广播电视大学,66490503,北京市西城区复兴门内大街160号,高校
286,北京教育学院,44成人高等学校：教育学院,82089116,北京市西城区德胜门外黄寺大街什坊街2号,高校
287,北京礼仪专修学院,51民办的其他高等教育机构,64897504,北京市朝阳区左家庄15号501室,高校
288,北京珠宝首饰研修学院,51民办的其他高等教育机构,62252893,北京市海淀区杏石口路98号,高校
290,中国教育国际交流研修学院,51民办的其他高等教育机构,83988066,北京市西城区华远北街2号通港大厦925室,高校
291,中国建筑科学研究院,10培养研究生的科研机构,64517741,北京市朝阳区北三环东路30号,高校
292,北京企业管理研修学院,51民办的其他高等教育机构,62985182,北京市海淀区体院西路甲2号,高校
293,北京现代艺术研修学院,51民办的其他高等教育机构,51662930,北京市东城区雍和宫戏楼胡同1号,高校
294,中央党校继续教育学院,41成人高等学校：职工高校,,北京市海淀区大有庄100号,高校
295,中国记协职工新闻学院,41成人高等学校：职工高校,66019616,北京市西城区西郊民巷50号,高校
296,中南海业余大学,41成人高等学校：职工高校,64033094,北京市丰台区富丰路7号,高校
298,中国空间技术研究院,10培养研究生的科研机构,68745111,北京市海淀区知春路82号,高校
97,中国测绘科学研究院,10培养研究生的科研机构,63880811,北京市海淀区莲花池西路28号,高校
23,北京现代职业技术学院,14普通高等学校：专科院校：高等职业学校,69449311,北京市顺义区裕龙花园三街,高校
25,北京青年政治学院,13普通高等学校：专科院校：高等专科学校,64722074,北京市朝阳区花家地街9号,高校
26,中国传媒大学,11普通高等学校：本科院校：大学,65779319,北京市朝阳区定福庄东街1号,高校
29,北京工业大学通州分校,21普通高等学校：其他机构：分校、大专班,52334003,北京市通州区潞苑南大街1145号,高校
32,北京第二外国语学院,12普通高等学校：学院,65778005,北京市朝阳区定福庄南里1号,高校
17,北京舞蹈学院,12普通高等学校：本科院校：学院,68935693,北京市海淀区万寿寺路1号,高校
40,冶金自动化研究设计院,10培养研究生的科研机构,63812255-3215,北京市丰台区,高校
48,北京长城计量测试技术研究所,10培养研究生的科研机构,62462057,北京市海淀区温泉镇环山村,高校
5,北京华夏管理学院,51民办的其他高等教育机构,61985200,北京市平谷区马昌营镇南定福东路169号,高校
67,中国原子能科学研究院,10培养研究生的科研机构,69357800,北京市房山区新镇,高校
289,北京影视研修学院,51民办的其他高等教育机构,69281885,北京市大兴区南宫北普陀影视城内,高校
79,中国林业科学研究院,10培养研究生的科研机构,62889029,北京市海淀区,高校
36,北京物资学院,12普通高等学校：本科院校：学院,89534628,北京市通州区富河大街1号,高校
198,北京中国驻颜美容学院,51民办的其他高等教育机构,67886394-838,北京市大兴区经济技术开发区（亦庄）广德中巷5号,高校
13,首都师范大学科德学院,22普通高等学校：其他机构：独立学院,89229218,北京市大兴区榆垡镇榆祥路10号,高校
33,北京第二外国语学院中瑞酒店管理学院,22普通高等学校：其他机构：独立学院,89281111,北京市大兴区庞各庄镇工业区田园路11号,高校
107,北京心理学函授学院,51民办的其他高等教育机构,62611127,北京市朝阳区大屯路甲10号,高校
109,北京旅游专修学院,51民办的其他高等教育机构,61202066,北京市大兴区黄村镇后辛庄,高校
125,国家检察官学院,43成人高等学校：管理干部学院,61719025,北京市昌平区百沙路9号,高校
140,北京演艺专修学院,51民办的其他高等教育机构,69730217,北京市昌平区沙河镇定泗路信苑,高校
22,北京政法职业学院,14普通高等学校：专科院校：高等职业学校,65754999,北京市朝阳区管庄南街1号,高校
196,北京应用技术大学,51民办的其他高等教育机构,81700923,北京市昌平区东小口镇霍营,高校
69,中国疾病预防控制中心,10培养研究生的科研机构,58900076,北京市昌平区昌百路155号,高校
199,北京经济技术研修学院,51民办的其他高等教育机构,51294898,北京市朝阳区安外北苑羊坊甲2号,高校
205,北京交通职业技术学院,14普通高等学校：专科院校：高等职业学校,89703146,北京市昌平区昌平镇邓庄村东,高校
223,北京华嘉专修学院,51民办的其他高等教育机构,80728952,北京市怀柔区于家园南街6号,高校
247,北京八维研修学院,51民办的其他高等教育机构,82157104,北京市海淀区上地七街唐家岭路57号,高校
260,北京真空电子技术研究所,10培养研究生的科研机构,64371497,北京市朝阳区酒仙桥13号,高校
261,北京市心肺血管疾病研究所,10培养研究生的科研机构,64443324,北京市朝阳区安贞路2号,高校
282,北京新亚研修学院,51民办的其他高等教育机构,62330891,北京市海淀区双泉堡甲66号,高校
171,中科院动物研究所,10培养研究生的科研机构,64807165,北京市朝阳区北辰西路1-5,高校
228,北京交通运输职业学院,14普通高等学校：专科院校：高等职业学校,69243164,北京市海淀区西三旗,高校
207,北京农学院,12普通高等学校：本科院校：学院,80799002,北京市昌平区回龙观镇农学院社区居委会,高校
101,北京机械工程师进修学院,51民办的其他高等教育机构,68799021,北京市海淀区首都体育馆南路9号主语国际4号楼11层,高校
209,北京吉利大学,14普通高等学校：专科院校：高等职业学校,60752209,北京市昌平区昌平科技园,高校
211,中国音乐学院,12普通高等学校：本科院校：学院,64887437,北京市朝阳区安翔路1号,高校
219,北京科技大学延庆分校,21普通高等学校：其他机构：分校、大专班,69147084,北京市延庆县庆园街69号,高校
204,北京西城红旗业余大学,41成人高等学校：职工高校,63543784,北京市西城区红旗业余大学,高校
227,北京经贸职业学院,14普通高等学校：专科院校：高等职业学校,81355903,北京市房山区良乡镇长虹东路高教园区,高校
208,北京科技职业学院,14普通高等学校：专科院校：高等职业学校,58912772,北京市昌平区沙河沙阳路18号,高校
230,现代管理大学,51民办的其他高等教育机构,80305108,北京市房山区良乡卫星城月华大街,高校
235,北京国际经贸研修学院,51民办的其他高等教育机构,84923756,北京市朝阳区水岸南街1号院,高校
244,北京涉外经济专修学院,51民办的其他高等教育机构,80108445,北京市昌平区石牌坊南,高校
255,北京体育大学,11普通高等学校：本科院校：大学,62989243,北京市海淀区信息路48号,高校
267,北京卓达经济管理研修学院,51民办的其他高等教育机构,89793074,北京市昌平区马池口镇土楼村西,高校
279,北京市丰台区职工大学,41成人高等学校：职工高校,63851839,北京市丰台区望园东里23号,高校
280,北京明园大学,51民办的其他高等教育机构,82903383,北京市海淀区西三旗东侧,高校
226,北京农业职业学院,14普通高等学校：专科院校：高等职业学校,80358899-630,北京市房山区长阳镇稻田南里5号,高校
120,北京市石景山区业余大学,41成人高等学校：职工高校,68825782,北京市石景山区八角北路51号,高校
126,北京市朝阳区职工大学,41成人高等学校：职工高校,64211719,北京市朝阳区和平里南口砖角楼北里5号,高校
210,中国政法大学,11普通高等学校：本科院校：大学,58909318,北京市昌平区府学路27号,高校
122,首都联合职工大学,41成人高等学校：职工高校,84631746,北京市朝阳区水岸南街1号院,高校
203,北京美国英语语言学院,51民办的其他高等教育机构,81489300,北京市顺义区京顺路99号,高校
131,北京建设大学,51民办的其他高等教育机构,62734834,北京市海淀区天秀路10号,高校
132,北京市西城经济科学大学,41成人高等学校：职工高校,66560169,北京市西城区西直门内南草街22号,高校
124,中国信息大学,51民办的其他高等教育机构,81303025,北京市房山区窦店镇下坡店村,高校
138,北京高等秘书研修学院,51民办的其他高等教育机构,89218981,北京市大兴区榆垡镇榆祥路9号,高校
129,华北电力大学,11普通高等学校：本科院校：大学,61772322,北京市西城区德胜门外朱辛庄,高校
112,北京金融学院,51民办的其他高等教育机构,82927970,北京市海淀区西三旗新都环岛南侧建材城中路29号,高校
148,北京劳动保障职业学院,14普通高等学校：专科院校：高等职业学校,80114009,北京市朝阳区惠新东街5号、北京市昌平区南口路32号,高校
167,遥感应用研究所,10培养研究生的科研机构,64878930,北京市朝阳区大屯路天地科学园区,高校
174,中科院微生物所,10培养研究生的科研机构,64807592,北京市朝阳区北辰西路1号院3号中国科学院微生物研究所,高校
175,中国科学院遗传与发育生物学研究所,10培养研究生的科研机构,64889330,北京市朝阳区北辰西路1号院-2,高校
137,北京黄埔大学,51民办的其他高等教育机构,89218981,北京市大兴区榆垡镇榆祥路9号,高校
176,中科院心理研究所,10培养研究生的科研机构,64888628,北京市朝阳区大屯路甲4号中科院心理所,高校
